,state,"state,city",state_link,city_link,keyword,links,error
0,al,"al,alabaster",https://library.municode.com/al,https://library.municode.com/al/alabaster/codes/code_of_ordinances,"""equality""",[],
1,al,"al,alabaster",https://library.municode.com/al,https://library.municode.com/al/alabaster/codes/code_of_ordinances,"""workforce development""",[],
2,al,"al,alabaster",https://library.municode.com/al,https://library.municode.com/al/alabaster/codes/code_of_ordinances,"""sustainability""",[],
3,al,"al,alabaster",https://library.municode.com/al,https://library.municode.com/al/alabaster/codes/code_of_ordinances,"""solar""",[],
4,al,"al,alabaster",https://library.municode.com/al,https://library.municode.com/al/alabaster/codes/code_of_ordinances,"""EV""",[],
5,al,"al,alabaster",https://library.municode.com/al,https://library.municode.com/al/alabaster/codes/code_of_ordinances,"""Electric Vehicles""",[],
6,al,"al,albertville",https://library.municode.com/al,https://library.municode.com/al/albertville/codes/code_of_ordinances,"""equality""",[],
7,al,"al,albertville",https://library.municode.com/al,https://library.municode.com/al/albertville/codes/code_of_ordinances,"""workforce development""",[],
8,al,"al,albertville",https://library.municode.com/al,https://library.municode.com/al/albertville/codes/code_of_ordinances,"""sustainability""",[],
9,al,"al,albertville",https://library.municode.com/al,https://library.municode.com/al/albertville/codes/code_of_ordinances,"""solar""",[],
10,al,"al,albertville",https://library.municode.com/al,https://library.municode.com/al/albertville/codes/code_of_ordinances,"""EV""",[],
11,al,"al,albertville",https://library.municode.com/al,https://library.municode.com/al/albertville/codes/code_of_ordinances,"""Electric Vehicles""",[],
12,al,"al,alexander_city",https://library.municode.com/al,https://library.municode.com/al/alexander_city/codes/code_of_ordinances,"""equality""",[],
13,al,"al,alexander_city",https://library.municode.com/al,https://library.municode.com/al/alexander_city/codes/code_of_ordinances,"""workforce development""",[],
14,al,"al,alexander_city",https://library.municode.com/al,https://library.municode.com/al/alexander_city/codes/code_of_ordinances,"""sustainability""",[],
15,al,"al,alexander_city",https://library.municode.com/al,https://library.municode.com/al/alexander_city/codes/code_of_ordinances,"""solar""",[],
16,al,"al,alexander_city",https://library.municode.com/al,https://library.municode.com/al/alexander_city/codes/code_of_ordinances,"""EV""",[],
17,al,"al,alexander_city",https://library.municode.com/al,https://library.municode.com/al/alexander_city/codes/code_of_ordinances,"""Electric Vehicles""",[],
18,al,"al,aliceville",https://library.municode.com/al,https://library.municode.com/al/aliceville/codes/code_of_ordinances,"""equality""",[],
19,al,"al,aliceville",https://library.municode.com/al,https://library.municode.com/al/aliceville/codes/code_of_ordinances,"""workforce development""",[],
20,al,"al,aliceville",https://library.municode.com/al,https://library.municode.com/al/aliceville/codes/code_of_ordinances,"""sustainability""",[],
21,al,"al,aliceville",https://library.municode.com/al,https://library.municode.com/al/aliceville/codes/code_of_ordinances,"""solar""",[],
22,al,"al,aliceville",https://library.municode.com/al,https://library.municode.com/al/aliceville/codes/code_of_ordinances,"""EV""",[],
23,al,"al,aliceville",https://library.municode.com/al,https://library.municode.com/al/aliceville/codes/code_of_ordinances,"""Electric Vehicles""",[],
24,al,"al,andalusia",https://library.municode.com/al,https://library.municode.com/al/andalusia/codes/code_of_ordinances,"""equality""",[],
25,al,"al,andalusia",https://library.municode.com/al,https://library.municode.com/al/andalusia/codes/code_of_ordinances,"""workforce development""",[],
26,al,"al,andalusia",https://library.municode.com/al,https://library.municode.com/al/andalusia/codes/code_of_ordinances,"""sustainability""",[],
27,al,"al,andalusia",https://library.municode.com/al,https://library.municode.com/al/andalusia/codes/code_of_ordinances,"""solar""",[],
28,al,"al,andalusia",https://library.municode.com/al,https://library.municode.com/al/andalusia/codes/code_of_ordinances,"""EV""",[],
29,al,"al,andalusia",https://library.municode.com/al,https://library.municode.com/al/andalusia/codes/code_of_ordinances,"""Electric Vehicles""",[],
30,al,"al,anniston",https://library.municode.com/al,https://library.municode.com/al/anniston/codes/code_of_ordinances,"""equality""",[],
31,al,"al,anniston",https://library.municode.com/al,https://library.municode.com/al/anniston/codes/code_of_ordinances,"""workforce development""",[],
32,al,"al,anniston",https://library.municode.com/al,https://library.municode.com/al/anniston/codes/code_of_ordinances,"""sustainability""",[],
33,al,"al,anniston",https://library.municode.com/al,https://library.municode.com/al/anniston/codes/code_of_ordinances,"""solar""",['https://library.municode.com/al/anniston/codes/code_of_ordinances?nodeId=CO_CH17OFIS_ARTVIIISYCASA_S17.71DE'],
34,al,"al,anniston",https://library.municode.com/al,https://library.municode.com/al/anniston/codes/code_of_ordinances,"""EV""",[],
35,al,"al,anniston",https://library.municode.com/al,https://library.municode.com/al/anniston/codes/code_of_ordinances,"""Electric Vehicles""",[],
36,al,"al,arab",https://library.municode.com/al,https://library.municode.com/al/arab/codes/code_of_ordinances,"""equality""",[],
37,al,"al,arab",https://library.municode.com/al,https://library.municode.com/al/arab/codes/code_of_ordinances,"""workforce development""",[],
38,al,"al,arab",https://library.municode.com/al,https://library.municode.com/al/arab/codes/code_of_ordinances,"""sustainability""",[],
39,al,"al,arab",https://library.municode.com/al,https://library.municode.com/al/arab/codes/code_of_ordinances,"""solar""",[],
40,al,"al,arab",https://library.municode.com/al,https://library.municode.com/al/arab/codes/code_of_ordinances,"""EV""",[],
41,al,"al,arab",https://library.municode.com/al,https://library.municode.com/al/arab/codes/code_of_ordinances,"""Electric Vehicles""",[],
42,al,"al,athens",https://library.municode.com/al,https://library.municode.com/al/athens/codes/code_of_ordinances,"""equality""",[],
43,al,"al,athens",https://library.municode.com/al,https://library.municode.com/al/athens/codes/code_of_ordinances,"""workforce development""",[],
44,al,"al,athens",https://library.municode.com/al,https://library.municode.com/al/athens/codes/code_of_ordinances,"""sustainability""",[],
45,al,"al,athens",https://library.municode.com/al,https://library.municode.com/al/athens/codes/code_of_ordinances,"""solar""",[],
46,al,"al,athens",https://library.municode.com/al,https://library.municode.com/al/athens/codes/code_of_ordinances,"""EV""",[],
47,al,"al,athens",https://library.municode.com/al,https://library.municode.com/al/athens/codes/code_of_ordinances,"""Electric Vehicles""",[],
48,al,"al,atmore",https://library.municode.com/al,https://library.municode.com/al/atmore/codes/code_of_ordinances,"""equality""",[],
49,al,"al,atmore",https://library.municode.com/al,https://library.municode.com/al/atmore/codes/code_of_ordinances,"""workforce development""",[],
50,al,"al,atmore",https://library.municode.com/al,https://library.municode.com/al/atmore/codes/code_of_ordinances,"""sustainability""",[],
51,al,"al,atmore",https://library.municode.com/al,https://library.municode.com/al/atmore/codes/code_of_ordinances,"""solar""",['https://library.municode.com/al/atmore/codes/code_of_ordinances?nodeId=COOR_CH12BUBURE_ARTIINGE_SEC.12-2ADCO'],
52,al,"al,atmore",https://library.municode.com/al,https://library.municode.com/al/atmore/codes/code_of_ordinances,"""EV""",[],
53,al,"al,atmore",https://library.municode.com/al,https://library.municode.com/al/atmore/codes/code_of_ordinances,"""Electric Vehicles""",[],
54,al,"al,auburn",https://library.municode.com/al,https://library.municode.com/al/auburn/codes/code_of_ordinances,"""equality""",[],
55,al,"al,auburn",https://library.municode.com/al,https://library.municode.com/al/auburn/codes/code_of_ordinances,"""workforce development""",[],
56,al,"al,auburn",https://library.municode.com/al,https://library.municode.com/al/auburn/codes/code_of_ordinances,"""sustainability""",[],
57,al,"al,auburn",https://library.municode.com/al,https://library.municode.com/al/auburn/codes/code_of_ordinances,"""solar""",[],
58,al,"al,auburn",https://library.municode.com/al,https://library.municode.com/al/auburn/codes/code_of_ordinances,"""EV""",[],
59,al,"al,auburn",https://library.municode.com/al,https://library.municode.com/al/auburn/codes/code_of_ordinances,"""Electric Vehicles""",[],
60,al,"al,bay_minette",https://library.municode.com/al,https://library.municode.com/al/bay_minette/codes/code_of_ordinances,"""equality""",[],
61,al,"al,bay_minette",https://library.municode.com/al,https://library.municode.com/al/bay_minette/codes/code_of_ordinances,"""workforce development""",[],
62,al,"al,bay_minette",https://library.municode.com/al,https://library.municode.com/al/bay_minette/codes/code_of_ordinances,"""sustainability""",[],
63,al,"al,bay_minette",https://library.municode.com/al,https://library.municode.com/al/bay_minette/codes/code_of_ordinances,"""solar""",[],
64,al,"al,bay_minette",https://library.municode.com/al,https://library.municode.com/al/bay_minette/codes/code_of_ordinances,"""EV""",[],
65,al,"al,bay_minette",https://library.municode.com/al,https://library.municode.com/al/bay_minette/codes/code_of_ordinances,"""Electric Vehicles""",[],
66,al,"al,bessemer",https://library.municode.com/al,https://library.municode.com/al/bessemer/codes/code_of_ordinances,"""equality""",[],
67,al,"al,bessemer",https://library.municode.com/al,https://library.municode.com/al/bessemer/codes/code_of_ordinances,"""workforce development""",[],
68,al,"al,bessemer",https://library.municode.com/al,https://library.municode.com/al/bessemer/codes/code_of_ordinances,"""sustainability""",[],
69,al,"al,bessemer",https://library.municode.com/al,https://library.municode.com/al/bessemer/codes/code_of_ordinances,"""solar""",[],
70,al,"al,bessemer",https://library.municode.com/al,https://library.municode.com/al/bessemer/codes/code_of_ordinances,"""EV""",[],
71,al,"al,bessemer",https://library.municode.com/al,https://library.municode.com/al/bessemer/codes/code_of_ordinances,"""Electric Vehicles""",[],
72,al,"al,birmingham",https://library.municode.com/al,https://library.municode.com/al/birmingham/codes/code_of_ordinances,"""equality""",['https://library.municode.com/al/birmingham/codes/code_of_ordinances?nodeId=PT1THCOGEOR_TIT12LIRE_CH3.9CACO_ARTHSYOP_S12-3.9-96PUTREMRE'],
73,al,"al,birmingham",https://library.municode.com/al,https://library.municode.com/al/birmingham/codes/code_of_ordinances,"""workforce development""",[],
74,al,"al,birmingham",https://library.municode.com/al,https://library.municode.com/al/birmingham/codes/code_of_ordinances,"""sustainability""",[],
75,al,"al,birmingham",https://library.municode.com/al,https://library.municode.com/al/birmingham/codes/code_of_ordinances,"""solar""",['https://library.municode.com/al/birmingham/codes/code_of_ordinances?nodeId=PT1THCOGEOR_TIT7BULAUSCO_CH1BUHOCOEN_ARTABURE_DIV1GE_S7-1-4BUCOAM'],
76,al,"al,birmingham",https://library.municode.com/al,https://library.municode.com/al/birmingham/codes/code_of_ordinances,"""EV""",[],
77,al,"al,birmingham",https://library.municode.com/al,https://library.municode.com/al/birmingham/codes/code_of_ordinances,"""Electric Vehicles""",[],
78,al,"al,blountsville",https://library.municode.com/al,https://library.municode.com/al/blountsville/codes/code_of_ordinances,"""equality""",[],
79,al,"al,blountsville",https://library.municode.com/al,https://library.municode.com/al/blountsville/codes/code_of_ordinances,"""workforce development""",[],
80,al,"al,blountsville",https://library.municode.com/al,https://library.municode.com/al/blountsville/codes/code_of_ordinances,"""sustainability""",[],
81,al,"al,blountsville",https://library.municode.com/al,https://library.municode.com/al/blountsville/codes/code_of_ordinances,"""solar""",[],
82,al,"al,blountsville",https://library.municode.com/al,https://library.municode.com/al/blountsville/codes/code_of_ordinances,"""EV""",[],
83,al,"al,blountsville",https://library.municode.com/al,https://library.municode.com/al/blountsville/codes/code_of_ordinances,"""Electric Vehicles""",[],
84,al,"al,boaz",https://library.municode.com/al,https://library.municode.com/al/boaz/codes/code_of_ordinances,"""equality""",[],
85,al,"al,boaz",https://library.municode.com/al,https://library.municode.com/al/boaz/codes/code_of_ordinances,"""workforce development""",[],
86,al,"al,boaz",https://library.municode.com/al,https://library.municode.com/al/boaz/codes/code_of_ordinances,"""sustainability""",[],
87,al,"al,boaz",https://library.municode.com/al,https://library.municode.com/al/boaz/codes/code_of_ordinances,"""solar""",[],
88,al,"al,boaz",https://library.municode.com/al,https://library.municode.com/al/boaz/codes/code_of_ordinances,"""EV""",[],
89,al,"al,boaz",https://library.municode.com/al,https://library.municode.com/al/boaz/codes/code_of_ordinances,"""Electric Vehicles""",[],
90,al,"al,brewton",https://library.municode.com/al,https://library.municode.com/al/brewton/codes/code_of_ordinances,"""equality""",[],
91,al,"al,brewton",https://library.municode.com/al,https://library.municode.com/al/brewton/codes/code_of_ordinances,"""workforce development""",[],
92,al,"al,brewton",https://library.municode.com/al,https://library.municode.com/al/brewton/codes/code_of_ordinances,"""sustainability""",[],
93,al,"al,brewton",https://library.municode.com/al,https://library.municode.com/al/brewton/codes/code_of_ordinances,"""solar""",['https://library.municode.com/al/brewton/codes/code_of_ordinances?nodeId=APXALAUSDE_ARTIXZODIRE_9.9LA'],
94,al,"al,brewton",https://library.municode.com/al,https://library.municode.com/al/brewton/codes/code_of_ordinances,"""EV""",[],
95,al,"al,brewton",https://library.municode.com/al,https://library.municode.com/al/brewton/codes/code_of_ordinances,"""Electric Vehicles""",[],
96,al,"al,butler",https://library.municode.com/al,https://library.municode.com/al/butler/codes/code_of_ordinances,"""equality""",[],
97,al,"al,butler",https://library.municode.com/al,https://library.municode.com/al/butler/codes/code_of_ordinances,"""workforce development""",[],
98,al,"al,butler",https://library.municode.com/al,https://library.municode.com/al/butler/codes/code_of_ordinances,"""sustainability""",[],
99,al,"al,butler",https://library.municode.com/al,https://library.municode.com/al/butler/codes/code_of_ordinances,"""solar""",[],
100,al,"al,butler",https://library.municode.com/al,https://library.municode.com/al/butler/codes/code_of_ordinances,"""EV""",[],
101,al,"al,butler",https://library.municode.com/al,https://library.municode.com/al/butler/codes/code_of_ordinances,"""Electric Vehicles""",[],
102,al,"al,calera",https://library.municode.com/al,https://library.municode.com/al/calera/codes/code_of_ordinances,"""equality""",[],
103,al,"al,calera",https://library.municode.com/al,https://library.municode.com/al/calera/codes/code_of_ordinances,"""workforce development""",[],
104,al,"al,calera",https://library.municode.com/al,https://library.municode.com/al/calera/codes/code_of_ordinances,"""sustainability""",[],
105,al,"al,calera",https://library.municode.com/al,https://library.municode.com/al/calera/codes/code_of_ordinances,"""solar""",[],
106,al,"al,calera",https://library.municode.com/al,https://library.municode.com/al/calera/codes/code_of_ordinances,"""EV""",[],
107,al,"al,calera",https://library.municode.com/al,https://library.municode.com/al/calera/codes/code_of_ordinances,"""Electric Vehicles""",[],
108,al,"al,center_point",https://library.municode.com/al,https://library.municode.com/al/center_point/codes/code_of_ordinances,"""equality""",[],
109,al,"al,center_point",https://library.municode.com/al,https://library.municode.com/al/center_point/codes/code_of_ordinances,"""workforce development""",[],
110,al,"al,center_point",https://library.municode.com/al,https://library.municode.com/al/center_point/codes/code_of_ordinances,"""sustainability""",[],
111,al,"al,center_point",https://library.municode.com/al,https://library.municode.com/al/center_point/codes/code_of_ordinances,"""solar""",['https://library.municode.com/al/center_point/codes/code_of_ordinances?nodeId=COOR_APXBZO_ART12REOREPA_S1203MILAREOREPA'],
112,al,"al,center_point",https://library.municode.com/al,https://library.municode.com/al/center_point/codes/code_of_ordinances,"""EV""",[],
113,al,"al,center_point",https://library.municode.com/al,https://library.municode.com/al/center_point/codes/code_of_ordinances,"""Electric Vehicles""",[],
114,al,"al,cherokee",https://library.municode.com/al,https://library.municode.com/al/cherokee/codes/code_of_ordinances,"""equality""",[],
115,al,"al,cherokee",https://library.municode.com/al,https://library.municode.com/al/cherokee/codes/code_of_ordinances,"""workforce development""",[],
116,al,"al,cherokee",https://library.municode.com/al,https://library.municode.com/al/cherokee/codes/code_of_ordinances,"""sustainability""",[],
117,al,"al,cherokee",https://library.municode.com/al,https://library.municode.com/al/cherokee/codes/code_of_ordinances,"""solar""",[],
118,al,"al,cherokee",https://library.municode.com/al,https://library.municode.com/al/cherokee/codes/code_of_ordinances,"""EV""",[],
119,al,"al,cherokee",https://library.municode.com/al,https://library.municode.com/al/cherokee/codes/code_of_ordinances,"""Electric Vehicles""",[],
120,al,"al,citronelle",https://library.municode.com/al,https://library.municode.com/al/citronelle/codes/code_of_ordinances,"""equality""",[],
121,al,"al,citronelle",https://library.municode.com/al,https://library.municode.com/al/citronelle/codes/code_of_ordinances,"""workforce development""",[],
122,al,"al,citronelle",https://library.municode.com/al,https://library.municode.com/al/citronelle/codes/code_of_ordinances,"""sustainability""",[],
123,al,"al,citronelle",https://library.municode.com/al,https://library.municode.com/al/citronelle/codes/code_of_ordinances,"""solar""",[],
124,al,"al,citronelle",https://library.municode.com/al,https://library.municode.com/al/citronelle/codes/code_of_ordinances,"""EV""",[],
125,al,"al,citronelle",https://library.municode.com/al,https://library.municode.com/al/citronelle/codes/code_of_ordinances,"""Electric Vehicles""",[],
126,al,"al,clanton",https://library.municode.com/al,https://library.municode.com/al/clanton/codes/code_of_ordinances,"""equality""",[],
127,al,"al,clanton",https://library.municode.com/al,https://library.municode.com/al/clanton/codes/code_of_ordinances,"""workforce development""",[],
128,al,"al,clanton",https://library.municode.com/al,https://library.municode.com/al/clanton/codes/code_of_ordinances,"""sustainability""",[],
129,al,"al,clanton",https://library.municode.com/al,https://library.municode.com/al/clanton/codes/code_of_ordinances,"""solar""",[],
130,al,"al,clanton",https://library.municode.com/al,https://library.municode.com/al/clanton/codes/code_of_ordinances,"""EV""",[],
131,al,"al,clanton",https://library.municode.com/al,https://library.municode.com/al/clanton/codes/code_of_ordinances,"""Electric Vehicles""",[],
132,al,"al,creola",https://library.municode.com/al,https://library.municode.com/al/creola/codes/code_of_ordinances,"""equality""",[],
133,al,"al,creola",https://library.municode.com/al,https://library.municode.com/al/creola/codes/code_of_ordinances,"""workforce development""",[],
134,al,"al,creola",https://library.municode.com/al,https://library.municode.com/al/creola/codes/code_of_ordinances,"""sustainability""",[],
135,al,"al,creola",https://library.municode.com/al,https://library.municode.com/al/creola/codes/code_of_ordinances,"""solar""",['https://library.municode.com/al/creola/codes/code_of_ordinances?nodeId=COOR_CH38ZO_ARTIIDIDIRE_S38-61LA'],
136,al,"al,creola",https://library.municode.com/al,https://library.municode.com/al/creola/codes/code_of_ordinances,"""EV""",[],
137,al,"al,creola",https://library.municode.com/al,https://library.municode.com/al/creola/codes/code_of_ordinances,"""Electric Vehicles""",['https://library.municode.com/al/creola/codes/code_of_ordinances?nodeId=COOR_CH34TRVE_ARTIVARRVE_S34-127DE'],
138,al,"al,cullman",https://library.municode.com/al,https://library.municode.com/al/cullman/codes/code_of_ordinances,"""equality""",[],
139,al,"al,cullman",https://library.municode.com/al,https://library.municode.com/al/cullman/codes/code_of_ordinances,"""workforce development""",[],
140,al,"al,cullman",https://library.municode.com/al,https://library.municode.com/al/cullman/codes/code_of_ordinances,"""sustainability""",[],
141,al,"al,cullman",https://library.municode.com/al,https://library.municode.com/al/cullman/codes/code_of_ordinances,"""solar""",[],
142,al,"al,cullman",https://library.municode.com/al,https://library.municode.com/al/cullman/codes/code_of_ordinances,"""EV""",[],
143,al,"al,cullman",https://library.municode.com/al,https://library.municode.com/al/cullman/codes/code_of_ordinances,"""Electric Vehicles""",[],
144,al,"al,daleville",https://library.municode.com/al,https://library.municode.com/al/daleville/codes/code_of_ordinances,"""equality""",[],
145,al,"al,daleville",https://library.municode.com/al,https://library.municode.com/al/daleville/codes/code_of_ordinances,"""workforce development""",[],
146,al,"al,daleville",https://library.municode.com/al,https://library.municode.com/al/daleville/codes/code_of_ordinances,"""sustainability""",[],
147,al,"al,daleville",https://library.municode.com/al,https://library.municode.com/al/daleville/codes/code_of_ordinances,"""solar""",[],
148,al,"al,daleville",https://library.municode.com/al,https://library.municode.com/al/daleville/codes/code_of_ordinances,"""EV""",[],
149,al,"al,daleville",https://library.municode.com/al,https://library.municode.com/al/daleville/codes/code_of_ordinances,"""Electric Vehicles""",[],
150,al,"al,daphne",https://library.municode.com/al,https://library.municode.com/al/daphne/codes/code_of_ordinances,"""equality""",[],
151,al,"al,daphne",https://library.municode.com/al,https://library.municode.com/al/daphne/codes/code_of_ordinances,"""workforce development""",[],
152,al,"al,daphne",https://library.municode.com/al,https://library.municode.com/al/daphne/codes/code_of_ordinances,"""sustainability""",[],
153,al,"al,daphne",https://library.municode.com/al,https://library.municode.com/al/daphne/codes/code_of_ordinances,"""solar""",['https://library.municode.com/al/daphne/codes/code_of_ordinances?nodeId=COOR_APXALAUSDE_ARTXIXLASTTRPR_19-6PEPR'],
154,al,"al,daphne",https://library.municode.com/al,https://library.municode.com/al/daphne/codes/code_of_ordinances,"""EV""",[],
155,al,"al,daphne",https://library.municode.com/al,https://library.municode.com/al/daphne/codes/code_of_ordinances,"""Electric Vehicles""",[],
156,al,"al,decatur",https://library.municode.com/al,https://library.municode.com/al/decatur/codes/code_of_ordinances,"""equality""",[],
157,al,"al,decatur",https://library.municode.com/al,https://library.municode.com/al/decatur/codes/code_of_ordinances,"""workforce development""",[],
158,al,"al,decatur",https://library.municode.com/al,https://library.municode.com/al/decatur/codes/code_of_ordinances,"""sustainability""",[],
159,al,"al,decatur",https://library.municode.com/al,https://library.municode.com/al/decatur/codes/code_of_ordinances,"""solar""",[],
160,al,"al,decatur",https://library.municode.com/al,https://library.municode.com/al/decatur/codes/code_of_ordinances,"""EV""",[],
161,al,"al,decatur",https://library.municode.com/al,https://library.municode.com/al/decatur/codes/code_of_ordinances,"""Electric Vehicles""",[],
162,al,"al,demopolis",https://library.municode.com/al,https://library.municode.com/al/demopolis/codes/code_of_ordinances,"""equality""",[],
163,al,"al,demopolis",https://library.municode.com/al,https://library.municode.com/al/demopolis/codes/code_of_ordinances,"""workforce development""",[],
164,al,"al,demopolis",https://library.municode.com/al,https://library.municode.com/al/demopolis/codes/code_of_ordinances,"""sustainability""",[],
165,al,"al,demopolis",https://library.municode.com/al,https://library.municode.com/al/demopolis/codes/code_of_ordinances,"""solar""",[],
166,al,"al,demopolis",https://library.municode.com/al,https://library.municode.com/al/demopolis/codes/code_of_ordinances,"""EV""",[],
167,al,"al,demopolis",https://library.municode.com/al,https://library.municode.com/al/demopolis/codes/code_of_ordinances,"""Electric Vehicles""",[],
168,al,"al,dothan",https://library.municode.com/al,https://library.municode.com/al/dothan/codes/code_of_ordinances,"""equality""",[],
169,al,"al,dothan",https://library.municode.com/al,https://library.municode.com/al/dothan/codes/code_of_ordinances,"""workforce development""",[],
170,al,"al,dothan",https://library.municode.com/al,https://library.municode.com/al/dothan/codes/code_of_ordinances,"""sustainability""",[],
171,al,"al,dothan",https://library.municode.com/al,https://library.municode.com/al/dothan/codes/code_of_ordinances,"""solar""",['https://library.municode.com/al/dothan/codes/code_of_ordinances?nodeId=PTIICOOR_CH102UT_ARTIIELSE_DIV2RA_S102-68REBEMEGERIDERG'],
172,al,"al,dothan",https://library.municode.com/al,https://library.municode.com/al/dothan/codes/code_of_ordinances,"""EV""",[],
173,al,"al,dothan",https://library.municode.com/al,https://library.municode.com/al/dothan/codes/code_of_ordinances,"""Electric Vehicles""",[],
174,al,"al,elba",https://library.municode.com/al,https://library.municode.com/al/elba/codes/code_of_ordinances,"""equality""",[],
175,al,"al,elba",https://library.municode.com/al,https://library.municode.com/al/elba/codes/code_of_ordinances,"""workforce development""",[],
176,al,"al,elba",https://library.municode.com/al,https://library.municode.com/al/elba/codes/code_of_ordinances,"""sustainability""",[],
177,al,"al,elba",https://library.municode.com/al,https://library.municode.com/al/elba/codes/code_of_ordinances,"""solar""",[],
178,al,"al,elba",https://library.municode.com/al,https://library.municode.com/al/elba/codes/code_of_ordinances,"""EV""",[],
179,al,"al,elba",https://library.municode.com/al,https://library.municode.com/al/elba/codes/code_of_ordinances,"""Electric Vehicles""",[],
180,al,"al,elberta",https://library.municode.com/al,https://library.municode.com/al/elberta/codes/code_of_ordinances,"""equality""",[],
181,al,"al,elberta",https://library.municode.com/al,https://library.municode.com/al/elberta/codes/code_of_ordinances,"""workforce development""",[],
182,al,"al,elberta",https://library.municode.com/al,https://library.municode.com/al/elberta/codes/code_of_ordinances,"""sustainability""",[],
183,al,"al,elberta",https://library.municode.com/al,https://library.municode.com/al/elberta/codes/code_of_ordinances,"""solar""",['https://library.municode.com/al/elberta/codes/code_of_ordinances?nodeId=COOR_APXBZO_ARTIXDIRE_S9.9LA'],
184,al,"al,elberta",https://library.municode.com/al,https://library.municode.com/al/elberta/codes/code_of_ordinances,"""EV""",[],
185,al,"al,elberta",https://library.municode.com/al,https://library.municode.com/al/elberta/codes/code_of_ordinances,"""Electric Vehicles""",[],
186,al,"al,enterprise",https://library.municode.com/al,https://library.municode.com/al/enterprise/codes/code_of_ordinances,"""equality""",[],
187,al,"al,enterprise",https://library.municode.com/al,https://library.municode.com/al/enterprise/codes/code_of_ordinances,"""workforce development""",[],
188,al,"al,enterprise",https://library.municode.com/al,https://library.municode.com/al/enterprise/codes/code_of_ordinances,"""sustainability""",[],
189,al,"al,enterprise",https://library.municode.com/al,https://library.municode.com/al/enterprise/codes/code_of_ordinances,"""solar""",[],
190,al,"al,enterprise",https://library.municode.com/al,https://library.municode.com/al/enterprise/codes/code_of_ordinances,"""EV""",[],
191,al,"al,enterprise",https://library.municode.com/al,https://library.municode.com/al/enterprise/codes/code_of_ordinances,"""Electric Vehicles""",[],
192,al,"al,eufaula",https://library.municode.com/al,https://library.municode.com/al/eufaula/codes/code_of_ordinances,"""equality""",[],
193,al,"al,eufaula",https://library.municode.com/al,https://library.municode.com/al/eufaula/codes/code_of_ordinances,"""workforce development""",[],
194,al,"al,eufaula",https://library.municode.com/al,https://library.municode.com/al/eufaula/codes/code_of_ordinances,"""sustainability""",[],
195,al,"al,eufaula",https://library.municode.com/al,https://library.municode.com/al/eufaula/codes/code_of_ordinances,"""solar""",[],
196,al,"al,eufaula",https://library.municode.com/al,https://library.municode.com/al/eufaula/codes/code_of_ordinances,"""EV""",[],
197,al,"al,eufaula",https://library.municode.com/al,https://library.municode.com/al/eufaula/codes/code_of_ordinances,"""Electric Vehicles""",[],
198,al,"al,fairhope",https://library.municode.com/al,https://library.municode.com/al/fairhope/codes/code_of_ordinances,"""equality""",[],
199,al,"al,fairhope",https://library.municode.com/al,https://library.municode.com/al/fairhope/codes/code_of_ordinances,"""workforce development""",[],
200,al,"al,fairhope",https://library.municode.com/al,https://library.municode.com/al/fairhope/codes/code_of_ordinances,"""sustainability""",[],
201,al,"al,fairhope",https://library.municode.com/al,https://library.municode.com/al/fairhope/codes/code_of_ordinances,"""solar""",['https://library.municode.com/al/fairhope/codes/code_of_ordinances?nodeId=COOR_CH21UTSE_ARTIIEL_S21-28PUUTELSEST'],
202,al,"al,fairhope",https://library.municode.com/al,https://library.municode.com/al/fairhope/codes/code_of_ordinances,"""EV""",[],
203,al,"al,fairhope",https://library.municode.com/al,https://library.municode.com/al/fairhope/codes/code_of_ordinances,"""Electric Vehicles""",[],
204,al,"al,falkville",https://library.municode.com/al,https://library.municode.com/al/falkville/codes/code_of_ordinances,"""equality""",[],
205,al,"al,falkville",https://library.municode.com/al,https://library.municode.com/al/falkville/codes/code_of_ordinances,"""workforce development""",[],
206,al,"al,falkville",https://library.municode.com/al,https://library.municode.com/al/falkville/codes/code_of_ordinances,"""sustainability""",[],
207,al,"al,falkville",https://library.municode.com/al,https://library.municode.com/al/falkville/codes/code_of_ordinances,"""solar""",[],
208,al,"al,falkville",https://library.municode.com/al,https://library.municode.com/al/falkville/codes/code_of_ordinances,"""EV""",[],
209,al,"al,falkville",https://library.municode.com/al,https://library.municode.com/al/falkville/codes/code_of_ordinances,"""Electric Vehicles""",[],
210,al,"al,flomaton",https://library.municode.com/al,https://library.municode.com/al/flomaton/codes/code_of_ordinances,"""equality""",[],
211,al,"al,flomaton",https://library.municode.com/al,https://library.municode.com/al/flomaton/codes/code_of_ordinances,"""workforce development""",[],
212,al,"al,flomaton",https://library.municode.com/al,https://library.municode.com/al/flomaton/codes/code_of_ordinances,"""sustainability""",[],
213,al,"al,flomaton",https://library.municode.com/al,https://library.municode.com/al/flomaton/codes/code_of_ordinances,"""solar""",[],
214,al,"al,flomaton",https://library.municode.com/al,https://library.municode.com/al/flomaton/codes/code_of_ordinances,"""EV""",[],
215,al,"al,flomaton",https://library.municode.com/al,https://library.municode.com/al/flomaton/codes/code_of_ordinances,"""Electric Vehicles""",[],
216,al,"al,florence",https://library.municode.com/al,https://library.municode.com/al/florence/codes/code_of_ordinances,"""equality""",[],
217,al,"al,florence",https://library.municode.com/al,https://library.municode.com/al/florence/codes/code_of_ordinances,"""workforce development""",[],
218,al,"al,florence",https://library.municode.com/al,https://library.municode.com/al/florence/codes/code_of_ordinances,"""sustainability""",[],
219,al,"al,florence",https://library.municode.com/al,https://library.municode.com/al/florence/codes/code_of_ordinances,"""solar""",[],
220,al,"al,florence",https://library.municode.com/al,https://library.municode.com/al/florence/codes/code_of_ordinances,"""EV""",[],
221,al,"al,florence",https://library.municode.com/al,https://library.municode.com/al/florence/codes/code_of_ordinances,"""Electric Vehicles""",[],
222,al,"al,foley",https://library.municode.com/al,https://library.municode.com/al/foley/codes/code_of_ordinances,"""equality""",[],
223,al,"al,foley",https://library.municode.com/al,https://library.municode.com/al/foley/codes/code_of_ordinances,"""workforce development""",[],
224,al,"al,foley",https://library.municode.com/al,https://library.municode.com/al/foley/codes/code_of_ordinances,"""sustainability""",[],
225,al,"al,foley",https://library.municode.com/al,https://library.municode.com/al/foley/codes/code_of_ordinances,"""solar""",['https://library.municode.com/al/foley/codes/code_of_ordinances?nodeId=APXAZO_ARTXXIPLDE_S21.1REPLDE'],
226,al,"al,foley",https://library.municode.com/al,https://library.municode.com/al/foley/codes/code_of_ordinances,"""EV""",[],
227,al,"al,foley",https://library.municode.com/al,https://library.municode.com/al/foley/codes/code_of_ordinances,"""Electric Vehicles""",[],
228,al,"al,gadsden",https://library.municode.com/al,https://library.municode.com/al/gadsden/codes/code_of_ordinances,"""equality""",[],
229,al,"al,gadsden",https://library.municode.com/al,https://library.municode.com/al/gadsden/codes/code_of_ordinances,"""workforce development""",[],
230,al,"al,gadsden",https://library.municode.com/al,https://library.municode.com/al/gadsden/codes/code_of_ordinances,"""sustainability""",[],
231,al,"al,gadsden",https://library.municode.com/al,https://library.municode.com/al/gadsden/codes/code_of_ordinances,"""solar""",[],
232,al,"al,gadsden",https://library.municode.com/al,https://library.municode.com/al/gadsden/codes/code_of_ordinances,"""EV""",[],
233,al,"al,gadsden",https://library.municode.com/al,https://library.municode.com/al/gadsden/codes/code_of_ordinances,"""Electric Vehicles""",[],
234,al,"al,gardendale",https://library.municode.com/al,https://library.municode.com/al/gardendale/codes/code_of_ordinances,"""equality""",[],
235,al,"al,gardendale",https://library.municode.com/al,https://library.municode.com/al/gardendale/codes/code_of_ordinances,"""workforce development""",[],
236,al,"al,gardendale",https://library.municode.com/al,https://library.municode.com/al/gardendale/codes/code_of_ordinances,"""sustainability""",[],
237,al,"al,gardendale",https://library.municode.com/al,https://library.municode.com/al/gardendale/codes/code_of_ordinances,"""solar""",[],
238,al,"al,gardendale",https://library.municode.com/al,https://library.municode.com/al/gardendale/codes/code_of_ordinances,"""EV""",[],
239,al,"al,gardendale",https://library.municode.com/al,https://library.municode.com/al/gardendale/codes/code_of_ordinances,"""Electric Vehicles""",[],
240,al,"al,geneva",https://library.municode.com/al,https://library.municode.com/al/geneva/codes/code_of_ordinances,"""equality""",[],
241,al,"al,geneva",https://library.municode.com/al,https://library.municode.com/al/geneva/codes/code_of_ordinances,"""workforce development""",[],
242,al,"al,geneva",https://library.municode.com/al,https://library.municode.com/al/geneva/codes/code_of_ordinances,"""sustainability""",[],
243,al,"al,geneva",https://library.municode.com/al,https://library.municode.com/al/geneva/codes/code_of_ordinances,"""solar""",[],
244,al,"al,geneva",https://library.municode.com/al,https://library.municode.com/al/geneva/codes/code_of_ordinances,"""EV""",[],
245,al,"al,geneva",https://library.municode.com/al,https://library.municode.com/al/geneva/codes/code_of_ordinances,"""Electric Vehicles""",[],
246,al,"al,greenville",https://library.municode.com/al,https://library.municode.com/al/greenville/codes/code_of_ordinances,"""equality""",[],
247,al,"al,greenville",https://library.municode.com/al,https://library.municode.com/al/greenville/codes/code_of_ordinances,"""workforce development""",[],
248,al,"al,greenville",https://library.municode.com/al,https://library.municode.com/al/greenville/codes/code_of_ordinances,"""sustainability""",[],
249,al,"al,greenville",https://library.municode.com/al,https://library.municode.com/al/greenville/codes/code_of_ordinances,"""solar""",[],
250,al,"al,greenville",https://library.municode.com/al,https://library.municode.com/al/greenville/codes/code_of_ordinances,"""EV""",[],
251,al,"al,greenville",https://library.municode.com/al,https://library.municode.com/al/greenville/codes/code_of_ordinances,"""Electric Vehicles""",[],
252,al,"al,gulf_shores",https://library.municode.com/al,https://library.municode.com/al/gulf_shores/codes/code_of_ordinances,"""equality""",[],
253,al,"al,gulf_shores",https://library.municode.com/al,https://library.municode.com/al/gulf_shores/codes/code_of_ordinances,"""workforce development""",[],
254,al,"al,gulf_shores",https://library.municode.com/al,https://library.municode.com/al/gulf_shores/codes/code_of_ordinances,"""sustainability""",[],
255,al,"al,gulf_shores",https://library.municode.com/al,https://library.municode.com/al/gulf_shores/codes/code_of_ordinances,"""solar""",[],
256,al,"al,gulf_shores",https://library.municode.com/al,https://library.municode.com/al/gulf_shores/codes/code_of_ordinances,"""EV""",[],
257,al,"al,gulf_shores",https://library.municode.com/al,https://library.municode.com/al/gulf_shores/codes/code_of_ordinances,"""Electric Vehicles""",[],
258,al,"al,guntersville",https://library.municode.com/al,https://library.municode.com/al/guntersville/codes/code_of_ordinances,"""equality""",[],
259,al,"al,guntersville",https://library.municode.com/al,https://library.municode.com/al/guntersville/codes/code_of_ordinances,"""workforce development""",[],
260,al,"al,guntersville",https://library.municode.com/al,https://library.municode.com/al/guntersville/codes/code_of_ordinances,"""sustainability""",[],
261,al,"al,guntersville",https://library.municode.com/al,https://library.municode.com/al/guntersville/codes/code_of_ordinances,"""solar""",[],
262,al,"al,guntersville",https://library.municode.com/al,https://library.municode.com/al/guntersville/codes/code_of_ordinances,"""EV""",[],
263,al,"al,guntersville",https://library.municode.com/al,https://library.municode.com/al/guntersville/codes/code_of_ordinances,"""Electric Vehicles""",[],
264,al,"al,hamilton",https://library.municode.com/al,https://library.municode.com/al/hamilton/codes/code_of_ordinances,"""equality""",[],
265,al,"al,hamilton",https://library.municode.com/al,https://library.municode.com/al/hamilton/codes/code_of_ordinances,"""workforce development""",[],
266,al,"al,hamilton",https://library.municode.com/al,https://library.municode.com/al/hamilton/codes/code_of_ordinances,"""sustainability""",[],
267,al,"al,hamilton",https://library.municode.com/al,https://library.municode.com/al/hamilton/codes/code_of_ordinances,"""solar""",[],
268,al,"al,hamilton",https://library.municode.com/al,https://library.municode.com/al/hamilton/codes/code_of_ordinances,"""EV""",[],
269,al,"al,hamilton",https://library.municode.com/al,https://library.municode.com/al/hamilton/codes/code_of_ordinances,"""Electric Vehicles""",[],
270,al,"al,hartselle",https://library.municode.com/al,https://library.municode.com/al/hartselle/codes/code_of_ordinances,"""equality""",[],
271,al,"al,hartselle",https://library.municode.com/al,https://library.municode.com/al/hartselle/codes/code_of_ordinances,"""workforce development""",[],
272,al,"al,hartselle",https://library.municode.com/al,https://library.municode.com/al/hartselle/codes/code_of_ordinances,"""sustainability""",[],
273,al,"al,hartselle",https://library.municode.com/al,https://library.municode.com/al/hartselle/codes/code_of_ordinances,"""solar""",[],
274,al,"al,hartselle",https://library.municode.com/al,https://library.municode.com/al/hartselle/codes/code_of_ordinances,"""EV""",[],
275,al,"al,hartselle",https://library.municode.com/al,https://library.municode.com/al/hartselle/codes/code_of_ordinances,"""Electric Vehicles""",[],
276,al,"al,heflin",https://library.municode.com/al,https://library.municode.com/al/heflin/codes/code_of_ordinances,"""equality""",[],
277,al,"al,heflin",https://library.municode.com/al,https://library.municode.com/al/heflin/codes/code_of_ordinances,"""workforce development""",[],
278,al,"al,heflin",https://library.municode.com/al,https://library.municode.com/al/heflin/codes/code_of_ordinances,"""sustainability""",[],
279,al,"al,heflin",https://library.municode.com/al,https://library.municode.com/al/heflin/codes/code_of_ordinances,"""solar""",['https://library.municode.com/al/heflin/codes/code_of_ordinances?nodeId=PTIILAUSCO_CH115ZO_ARTVZODIRE_S115-159PLDEDI'],
280,al,"al,heflin",https://library.municode.com/al,https://library.municode.com/al/heflin/codes/code_of_ordinances,"""EV""",[],
281,al,"al,heflin",https://library.municode.com/al,https://library.municode.com/al/heflin/codes/code_of_ordinances,"""Electric Vehicles""",[],
282,al,"al,homewood",https://library.municode.com/al,https://library.municode.com/al/homewood/codes/code_of_ordinances,"""equality""",[],
283,al,"al,homewood",https://library.municode.com/al,https://library.municode.com/al/homewood/codes/code_of_ordinances,"""workforce development""",[],
284,al,"al,homewood",https://library.municode.com/al,https://library.municode.com/al/homewood/codes/code_of_ordinances,"""sustainability""",[],
285,al,"al,homewood",https://library.municode.com/al,https://library.municode.com/al/homewood/codes/code_of_ordinances,"""solar""",[],
286,al,"al,homewood",https://library.municode.com/al,https://library.municode.com/al/homewood/codes/code_of_ordinances,"""EV""",[],
287,al,"al,homewood",https://library.municode.com/al,https://library.municode.com/al/homewood/codes/code_of_ordinances,"""Electric Vehicles""",[],
288,al,"al,hoover",https://library.municode.com/al,https://library.municode.com/al/hoover/codes/code_of_ordinances,"""equality""",[],
289,al,"al,hoover",https://library.municode.com/al,https://library.municode.com/al/hoover/codes/code_of_ordinances,"""workforce development""",[],
290,al,"al,hoover",https://library.municode.com/al,https://library.municode.com/al/hoover/codes/code_of_ordinances,"""sustainability""",[],
291,al,"al,hoover",https://library.municode.com/al,https://library.municode.com/al/hoover/codes/code_of_ordinances,"""solar""",['https://library.municode.com/al/hoover/codes/code_of_ordinances?nodeId=MUCO_CH6BUBURE_ARTIINGE_S6-2.5AMRECO'],
292,al,"al,hoover",https://library.municode.com/al,https://library.municode.com/al/hoover/codes/code_of_ordinances,"""EV""",[],
293,al,"al,hoover",https://library.municode.com/al,https://library.municode.com/al/hoover/codes/code_of_ordinances,"""Electric Vehicles""",[],
294,al,"al,hueytown",https://library.municode.com/al,https://library.municode.com/al/hueytown/codes/code_of_ordinances,"""equality""",[],
295,al,"al,hueytown",https://library.municode.com/al,https://library.municode.com/al/hueytown/codes/code_of_ordinances,"""workforce development""",[],
296,al,"al,hueytown",https://library.municode.com/al,https://library.municode.com/al/hueytown/codes/code_of_ordinances,"""sustainability""",[],
297,al,"al,hueytown",https://library.municode.com/al,https://library.municode.com/al/hueytown/codes/code_of_ordinances,"""solar""",[],
298,al,"al,hueytown",https://library.municode.com/al,https://library.municode.com/al/hueytown/codes/code_of_ordinances,"""EV""",[],
299,al,"al,hueytown",https://library.municode.com/al,https://library.municode.com/al/hueytown/codes/code_of_ordinances,"""Electric Vehicles""",[],
300,al,"al,huntsville",https://library.municode.com/al,https://library.municode.com/al/huntsville/codes/code_of_ordinances,"""equality""",['https://library.municode.com/al/huntsville/codes/code_of_ordinances?nodeId=COOR_CH16MUCO_ARTIINGE_S16-6MUCOADAG'],
301,al,"al,huntsville",https://library.municode.com/al,https://library.municode.com/al/huntsville/codes/code_of_ordinances,"""workforce development""",[],
302,al,"al,huntsville",https://library.municode.com/al,https://library.municode.com/al/huntsville/codes/code_of_ordinances,"""sustainability""",[],
303,al,"al,huntsville",https://library.municode.com/al,https://library.municode.com/al/huntsville/codes/code_of_ordinances,"""solar""","['https://library.municode.com/al/huntsville/codes/code_of_ordinances?nodeId=COOR_APXAZOOR_ART73SUREMO_73.1USACTE', 'https://library.municode.com/al/huntsville/codes/code_of_ordinances?nodeId=COOR_APXAZOOR_ART26CEBUDIRE_26.2DECO', 'https://library.municode.com/al/huntsville/codes/code_of_ordinances?nodeId=COOR_APXAZOOR_ART92BOAD_92.5PODU', 'https://library.municode.com/al/huntsville/codes/code_of_ordinances?nodeId=COOR_APXAZOOR_ART3DE_3.1IN', 'https://library.municode.com/al/huntsville/codes/code_of_ordinances?nodeId=COOR_APXAZOOR_ART23GEBUDIRE_23.6HIDIBUZODECODEGU']",
304,al,"al,huntsville",https://library.municode.com/al,https://library.municode.com/al/huntsville/codes/code_of_ordinances,"""EV""",[],
305,al,"al,huntsville",https://library.municode.com/al,https://library.municode.com/al/huntsville/codes/code_of_ordinances,"""Electric Vehicles""",[],
306,al,"al,irondale",https://library.municode.com/al,https://library.municode.com/al/irondale/codes/code_of_ordinances,"""equality""",[],
307,al,"al,irondale",https://library.municode.com/al,https://library.municode.com/al/irondale/codes/code_of_ordinances,"""workforce development""",[],
308,al,"al,irondale",https://library.municode.com/al,https://library.municode.com/al/irondale/codes/code_of_ordinances,"""sustainability""",[],
309,al,"al,irondale",https://library.municode.com/al,https://library.municode.com/al/irondale/codes/code_of_ordinances,"""solar""",[],
310,al,"al,irondale",https://library.municode.com/al,https://library.municode.com/al/irondale/codes/code_of_ordinances,"""EV""",[],
311,al,"al,irondale",https://library.municode.com/al,https://library.municode.com/al/irondale/codes/code_of_ordinances,"""Electric Vehicles""",[],
312,al,"al,jacksonville",https://library.municode.com/al,https://library.municode.com/al/jacksonville/codes/code_of_ordinances,"""equality""",[],
313,al,"al,jacksonville",https://library.municode.com/al,https://library.municode.com/al/jacksonville/codes/code_of_ordinances,"""workforce development""",[],
314,al,"al,jacksonville",https://library.municode.com/al,https://library.municode.com/al/jacksonville/codes/code_of_ordinances,"""sustainability""",[],
315,al,"al,jacksonville",https://library.municode.com/al,https://library.municode.com/al/jacksonville/codes/code_of_ordinances,"""solar""","['https://library.municode.com/al/jacksonville/codes/code_of_ordinances?nodeId=COOR_CH13HE_ARTIIIDASU_S13-41DE', 'https://library.municode.com/al/jacksonville/codes/code_of_ordinances?nodeId=COOR_CH7BU_ARTIINGE_S7-22LICL']",
316,al,"al,jacksonville",https://library.municode.com/al,https://library.municode.com/al/jacksonville/codes/code_of_ordinances,"""EV""",[],
317,al,"al,jacksonville",https://library.municode.com/al,https://library.municode.com/al/jacksonville/codes/code_of_ordinances,"""Electric Vehicles""",[],
318,al,"al,jasper",https://library.municode.com/al,https://library.municode.com/al/jasper/codes/code_of_ordinances,"""equality""",[],
319,al,"al,jasper",https://library.municode.com/al,https://library.municode.com/al/jasper/codes/code_of_ordinances,"""workforce development""",[],
320,al,"al,jasper",https://library.municode.com/al,https://library.municode.com/al/jasper/codes/code_of_ordinances,"""sustainability""",[],
321,al,"al,jasper",https://library.municode.com/al,https://library.municode.com/al/jasper/codes/code_of_ordinances,"""solar""",[],
322,al,"al,jasper",https://library.municode.com/al,https://library.municode.com/al/jasper/codes/code_of_ordinances,"""EV""",[],
323,al,"al,jasper",https://library.municode.com/al,https://library.municode.com/al/jasper/codes/code_of_ordinances,"""Electric Vehicles""",[],
324,al,"al,lanett",https://library.municode.com/al,https://library.municode.com/al/lanett/codes/code_of_ordinances,"""equality""",[],
325,al,"al,lanett",https://library.municode.com/al,https://library.municode.com/al/lanett/codes/code_of_ordinances,"""workforce development""",[],
326,al,"al,lanett",https://library.municode.com/al,https://library.municode.com/al/lanett/codes/code_of_ordinances,"""sustainability""",[],
327,al,"al,lanett",https://library.municode.com/al,https://library.municode.com/al/lanett/codes/code_of_ordinances,"""solar""",['https://library.municode.com/al/lanett/codes/code_of_ordinances?nodeId=COOR_APXBZOORLAAL_ARTVZODIRE_S16PUPLUNDE'],
328,al,"al,lanett",https://library.municode.com/al,https://library.municode.com/al/lanett/codes/code_of_ordinances,"""EV""",[],
329,al,"al,lanett",https://library.municode.com/al,https://library.municode.com/al/lanett/codes/code_of_ordinances,"""Electric Vehicles""",[],
330,al,"al,leeds",https://library.municode.com/al,https://library.municode.com/al/leeds/codes/code_of_ordinances,"""equality""",[],
331,al,"al,leeds",https://library.municode.com/al,https://library.municode.com/al/leeds/codes/code_of_ordinances,"""workforce development""",,"Message: 
"
332,al,"al,leeds",https://library.municode.com/al,https://library.municode.com/al/leeds/codes/code_of_ordinances,"""sustainability""",,"Message: 
"
333,al,"al,leeds",https://library.municode.com/al,https://library.municode.com/al/leeds/codes/code_of_ordinances,"""solar""",,"Message: 
"
334,al,"al,leeds",https://library.municode.com/al,https://library.municode.com/al/leeds/codes/code_of_ordinances,"""EV""",[],
335,al,"al,leeds",https://library.municode.com/al,https://library.municode.com/al/leeds/codes/code_of_ordinances,"""Electric Vehicles""",,"Message: 
"
336,al,"al,madison",https://library.municode.com/al,https://library.municode.com/al/madison/codes/code_of_ordinances,"""equality""",[],
337,al,"al,madison",https://library.municode.com/al,https://library.municode.com/al/madison/codes/code_of_ordinances,"""workforce development""",[],
338,al,"al,madison",https://library.municode.com/al,https://library.municode.com/al/madison/codes/code_of_ordinances,"""sustainability""",[],
339,al,"al,madison",https://library.municode.com/al,https://library.municode.com/al/madison/codes/code_of_ordinances,"""solar""",['https://library.municode.com/al/madison/codes/code_of_ordinances?nodeId=COOR_CH12CE_ARTIIINGE_S12-24CEGRRE'],
340,al,"al,madison",https://library.municode.com/al,https://library.municode.com/al/madison/codes/code_of_ordinances,"""EV""",[],
341,al,"al,madison",https://library.municode.com/al,https://library.municode.com/al/madison/codes/code_of_ordinances,"""Electric Vehicles""",[],
342,al,"al,midfield",https://library.municode.com/al,https://library.municode.com/al/midfield/codes/code_of_ordinances,"""equality""",[],
343,al,"al,midfield",https://library.municode.com/al,https://library.municode.com/al/midfield/codes/code_of_ordinances,"""workforce development""",[],
344,al,"al,midfield",https://library.municode.com/al,https://library.municode.com/al/midfield/codes/code_of_ordinances,"""sustainability""",[],
345,al,"al,midfield",https://library.municode.com/al,https://library.municode.com/al/midfield/codes/code_of_ordinances,"""solar""",[],
346,al,"al,midfield",https://library.municode.com/al,https://library.municode.com/al/midfield/codes/code_of_ordinances,"""EV""",[],
347,al,"al,midfield",https://library.municode.com/al,https://library.municode.com/al/midfield/codes/code_of_ordinances,"""Electric Vehicles""",[],
348,al,"al,millbrook",https://library.municode.com/al,https://library.municode.com/al/millbrook/codes/code_of_ordinances,"""equality""",[],
349,al,"al,millbrook",https://library.municode.com/al,https://library.municode.com/al/millbrook/codes/code_of_ordinances,"""workforce development""",[],
350,al,"al,millbrook",https://library.municode.com/al,https://library.municode.com/al/millbrook/codes/code_of_ordinances,"""sustainability""",[],
351,al,"al,millbrook",https://library.municode.com/al,https://library.municode.com/al/millbrook/codes/code_of_ordinances,"""solar""",[],
352,al,"al,millbrook",https://library.municode.com/al,https://library.municode.com/al/millbrook/codes/code_of_ordinances,"""EV""",[],
353,al,"al,millbrook",https://library.municode.com/al,https://library.municode.com/al/millbrook/codes/code_of_ordinances,"""Electric Vehicles""",[],
354,al,"al,mobile",https://library.municode.com/al,https://library.municode.com/al/mobile/codes/code_of_ordinances,"""equality""",[],
355,al,"al,mobile",https://library.municode.com/al,https://library.municode.com/al/mobile/codes/code_of_ordinances,"""workforce development""",[],
356,al,"al,mobile",https://library.municode.com/al,https://library.municode.com/al/mobile/codes/code_of_ordinances,"""sustainability""",[],
357,al,"al,mobile",https://library.municode.com/al,https://library.municode.com/al/mobile/codes/code_of_ordinances,"""solar""","['https://library.municode.com/al/mobile/codes/code_of_ordinances?nodeId=CICO_CH44PLDE_ARTVOLDAWAPRDI_DIV1GE_S44-134SAPECRPR', 'https://library.municode.com/al/mobile/codes/code_of_ordinances?nodeId=CICO_CH64ZO_S64-3DI']",
358,al,"al,mobile",https://library.municode.com/al,https://library.municode.com/al/mobile/codes/code_of_ordinances,"""EV""",[],
359,al,"al,mobile",https://library.municode.com/al,https://library.municode.com/al/mobile/codes/code_of_ordinances,"""Electric Vehicles""",[],
360,al,"al,monroeville",https://library.municode.com/al,https://library.municode.com/al/monroeville/codes/code_of_ordinances,"""equality""",[],
361,al,"al,monroeville",https://library.municode.com/al,https://library.municode.com/al/monroeville/codes/code_of_ordinances,"""workforce development""",[],
362,al,"al,monroeville",https://library.municode.com/al,https://library.municode.com/al/monroeville/codes/code_of_ordinances,"""sustainability""",[],
363,al,"al,monroeville",https://library.municode.com/al,https://library.municode.com/al/monroeville/codes/code_of_ordinances,"""solar""",[],
364,al,"al,monroeville",https://library.municode.com/al,https://library.municode.com/al/monroeville/codes/code_of_ordinances,"""EV""",[],
365,al,"al,monroeville",https://library.municode.com/al,https://library.municode.com/al/monroeville/codes/code_of_ordinances,"""Electric Vehicles""",[],
366,al,"al,montevallo",https://library.municode.com/al,https://library.municode.com/al/montevallo/codes/code_of_ordinances,"""equality""",[],
367,al,"al,montevallo",https://library.municode.com/al,https://library.municode.com/al/montevallo/codes/code_of_ordinances,"""workforce development""",[],
368,al,"al,montevallo",https://library.municode.com/al,https://library.municode.com/al/montevallo/codes/code_of_ordinances,"""sustainability""",[],
369,al,"al,montevallo",https://library.municode.com/al,https://library.municode.com/al/montevallo/codes/code_of_ordinances,"""solar""",[],
370,al,"al,montevallo",https://library.municode.com/al,https://library.municode.com/al/montevallo/codes/code_of_ordinances,"""EV""",[],
371,al,"al,montevallo",https://library.municode.com/al,https://library.municode.com/al/montevallo/codes/code_of_ordinances,"""Electric Vehicles""",[],
372,al,"al,montgomery",https://library.municode.com/al,https://library.municode.com/al/montgomery/codes/code_of_ordinances,"""equality""",[],
373,al,"al,montgomery",https://library.municode.com/al,https://library.municode.com/al/montgomery/codes/code_of_ordinances,"""workforce development""",[],
374,al,"al,montgomery",https://library.municode.com/al,https://library.municode.com/al/montgomery/codes/code_of_ordinances,"""sustainability""",[],
375,al,"al,montgomery",https://library.municode.com/al,https://library.municode.com/al/montgomery/codes/code_of_ordinances,"""solar""",['https://library.municode.com/al/montgomery/codes/code_of_ordinances?nodeId=COOR_CH5BUBURE_ARTIIITECO_S5-71ADTECO'],
376,al,"al,montgomery",https://library.municode.com/al,https://library.municode.com/al/montgomery/codes/code_of_ordinances,"""EV""",[],
377,al,"al,montgomery",https://library.municode.com/al,https://library.municode.com/al/montgomery/codes/code_of_ordinances,"""Electric Vehicles""",[],
378,al,"al,moody",https://library.municode.com/al,https://library.municode.com/al/moody/codes/code_of_ordinances,"""equality""",[],
379,al,"al,moody",https://library.municode.com/al,https://library.municode.com/al/moody/codes/code_of_ordinances,"""workforce development""",[],
380,al,"al,moody",https://library.municode.com/al,https://library.municode.com/al/moody/codes/code_of_ordinances,"""sustainability""",[],
381,al,"al,moody",https://library.municode.com/al,https://library.municode.com/al/moody/codes/code_of_ordinances,"""solar""",[],
382,al,"al,moody",https://library.municode.com/al,https://library.municode.com/al/moody/codes/code_of_ordinances,"""EV""",[],
383,al,"al,moody",https://library.municode.com/al,https://library.municode.com/al/moody/codes/code_of_ordinances,"""Electric Vehicles""",[],
384,al,"al,moundville",https://library.municode.com/al,https://library.municode.com/al/moundville/codes/code_of_ordinances,"""equality""",[],
385,al,"al,moundville",https://library.municode.com/al,https://library.municode.com/al/moundville/codes/code_of_ordinances,"""workforce development""",[],
386,al,"al,moundville",https://library.municode.com/al,https://library.municode.com/al/moundville/codes/code_of_ordinances,"""sustainability""",[],
387,al,"al,moundville",https://library.municode.com/al,https://library.municode.com/al/moundville/codes/code_of_ordinances,"""solar""",[],
388,al,"al,moundville",https://library.municode.com/al,https://library.municode.com/al/moundville/codes/code_of_ordinances,"""EV""",[],
389,al,"al,moundville",https://library.municode.com/al,https://library.municode.com/al/moundville/codes/code_of_ordinances,"""Electric Vehicles""",[],
390,al,"al,mountain_brook",https://library.municode.com/al,https://library.municode.com/al/mountain_brook/codes/code_of_ordinances,"""equality""",[],
391,al,"al,mountain_brook",https://library.municode.com/al,https://library.municode.com/al/mountain_brook/codes/code_of_ordinances,"""workforce development""",[],
392,al,"al,mountain_brook",https://library.municode.com/al,https://library.municode.com/al/mountain_brook/codes/code_of_ordinances,"""sustainability""",[],
393,al,"al,mountain_brook",https://library.municode.com/al,https://library.municode.com/al/mountain_brook/codes/code_of_ordinances,"""solar""",[],
394,al,"al,mountain_brook",https://library.municode.com/al,https://library.municode.com/al/mountain_brook/codes/code_of_ordinances,"""EV""",[],
395,al,"al,mountain_brook",https://library.municode.com/al,https://library.municode.com/al/mountain_brook/codes/code_of_ordinances,"""Electric Vehicles""",[],
396,al,"al,mt._vernon",https://library.municode.com/al,https://library.municode.com/al/mt._vernon/codes/code_of_ordinances,"""equality""",[],
397,al,"al,mt._vernon",https://library.municode.com/al,https://library.municode.com/al/mt._vernon/codes/code_of_ordinances,"""workforce development""",[],
398,al,"al,mt._vernon",https://library.municode.com/al,https://library.municode.com/al/mt._vernon/codes/code_of_ordinances,"""sustainability""",[],
399,al,"al,mt._vernon",https://library.municode.com/al,https://library.municode.com/al/mt._vernon/codes/code_of_ordinances,"""solar""",[],
400,al,"al,mt._vernon",https://library.municode.com/al,https://library.municode.com/al/mt._vernon/codes/code_of_ordinances,"""EV""",[],
401,al,"al,mt._vernon",https://library.municode.com/al,https://library.municode.com/al/mt._vernon/codes/code_of_ordinances,"""Electric Vehicles""",[],
402,al,"al,muscle_shoals",https://library.municode.com/al,https://library.municode.com/al/muscle_shoals/codes/code_of_ordinances,"""equality""",[],
403,al,"al,muscle_shoals",https://library.municode.com/al,https://library.municode.com/al/muscle_shoals/codes/code_of_ordinances,"""workforce development""",[],
404,al,"al,muscle_shoals",https://library.municode.com/al,https://library.municode.com/al/muscle_shoals/codes/code_of_ordinances,"""sustainability""",[],
405,al,"al,muscle_shoals",https://library.municode.com/al,https://library.municode.com/al/muscle_shoals/codes/code_of_ordinances,"""solar""",[],
406,al,"al,muscle_shoals",https://library.municode.com/al,https://library.municode.com/al/muscle_shoals/codes/code_of_ordinances,"""EV""",[],
407,al,"al,muscle_shoals",https://library.municode.com/al,https://library.municode.com/al/muscle_shoals/codes/code_of_ordinances,"""Electric Vehicles""",[],
408,al,"al,new_hope",https://library.municode.com/al,https://library.municode.com/al/new_hope/codes/code_of_ordinances,"""equality""",[],
409,al,"al,new_hope",https://library.municode.com/al,https://library.municode.com/al/new_hope/codes/code_of_ordinances,"""workforce development""",[],
410,al,"al,new_hope",https://library.municode.com/al,https://library.municode.com/al/new_hope/codes/code_of_ordinances,"""sustainability""",[],
411,al,"al,new_hope",https://library.municode.com/al,https://library.municode.com/al/new_hope/codes/code_of_ordinances,"""solar""",[],
412,al,"al,new_hope",https://library.municode.com/al,https://library.municode.com/al/new_hope/codes/code_of_ordinances,"""EV""",[],
413,al,"al,new_hope",https://library.municode.com/al,https://library.municode.com/al/new_hope/codes/code_of_ordinances,"""Electric Vehicles""",[],
414,al,"al,northport",https://library.municode.com/al,https://library.municode.com/al/northport/codes/code_of_ordinances,"""equality""",[],
415,al,"al,northport",https://library.municode.com/al,https://library.municode.com/al/northport/codes/code_of_ordinances,"""workforce development""",[],
416,al,"al,northport",https://library.municode.com/al,https://library.municode.com/al/northport/codes/code_of_ordinances,"""sustainability""",[],
417,al,"al,northport",https://library.municode.com/al,https://library.municode.com/al/northport/codes/code_of_ordinances,"""solar""",['https://library.municode.com/al/northport/codes/code_of_ordinances?nodeId=PTIICOOR_CH28WICERURE_S28-6GERE'],
418,al,"al,northport",https://library.municode.com/al,https://library.municode.com/al/northport/codes/code_of_ordinances,"""EV""",[],
419,al,"al,northport",https://library.municode.com/al,https://library.municode.com/al/northport/codes/code_of_ordinances,"""Electric Vehicles""",[],
420,al,"al,oneonta",https://library.municode.com/al,https://library.municode.com/al/oneonta/codes/code_of_ordinances,"""equality""",[],
421,al,"al,oneonta",https://library.municode.com/al,https://library.municode.com/al/oneonta/codes/code_of_ordinances,"""workforce development""",[],
422,al,"al,oneonta",https://library.municode.com/al,https://library.municode.com/al/oneonta/codes/code_of_ordinances,"""sustainability""",[],
423,al,"al,oneonta",https://library.municode.com/al,https://library.municode.com/al/oneonta/codes/code_of_ordinances,"""solar""",[],
424,al,"al,oneonta",https://library.municode.com/al,https://library.municode.com/al/oneonta/codes/code_of_ordinances,"""EV""",[],
425,al,"al,oneonta",https://library.municode.com/al,https://library.municode.com/al/oneonta/codes/code_of_ordinances,"""Electric Vehicles""",[],
426,al,"al,opelika",https://library.municode.com/al,https://library.municode.com/al/opelika/codes/code_of_ordinances,"""equality""",[],
427,al,"al,opelika",https://library.municode.com/al,https://library.municode.com/al/opelika/codes/code_of_ordinances,"""workforce development""",[],
428,al,"al,opelika",https://library.municode.com/al,https://library.municode.com/al/opelika/codes/code_of_ordinances,"""sustainability""",[],
429,al,"al,opelika",https://library.municode.com/al,https://library.municode.com/al/opelika/codes/code_of_ordinances,"""solar""",[],
430,al,"al,opelika",https://library.municode.com/al,https://library.municode.com/al/opelika/codes/code_of_ordinances,"""EV""",[],
431,al,"al,opelika",https://library.municode.com/al,https://library.municode.com/al/opelika/codes/code_of_ordinances,"""Electric Vehicles""",[],
432,al,"al,opp",https://library.municode.com/al,https://library.municode.com/al/opp/codes/code_of_ordinances,"""equality""",[],
433,al,"al,opp",https://library.municode.com/al,https://library.municode.com/al/opp/codes/code_of_ordinances,"""workforce development""",[],
434,al,"al,opp",https://library.municode.com/al,https://library.municode.com/al/opp/codes/code_of_ordinances,"""sustainability""",[],
435,al,"al,opp",https://library.municode.com/al,https://library.municode.com/al/opp/codes/code_of_ordinances,"""solar""",[],
436,al,"al,opp",https://library.municode.com/al,https://library.municode.com/al/opp/codes/code_of_ordinances,"""EV""",[],
437,al,"al,opp",https://library.municode.com/al,https://library.municode.com/al/opp/codes/code_of_ordinances,"""Electric Vehicles""",[],
438,al,"al,orange_beach",https://library.municode.com/al,https://library.municode.com/al/orange_beach/codes/code_of_ordinances,"""equality""",[],
439,al,"al,orange_beach",https://library.municode.com/al,https://library.municode.com/al/orange_beach/codes/code_of_ordinances,"""workforce development""",[],
440,al,"al,orange_beach",https://library.municode.com/al,https://library.municode.com/al/orange_beach/codes/code_of_ordinances,"""sustainability""",[],
441,al,"al,orange_beach",https://library.municode.com/al,https://library.municode.com/al/orange_beach/codes/code_of_ordinances,"""solar""",[],
442,al,"al,orange_beach",https://library.municode.com/al,https://library.municode.com/al/orange_beach/codes/code_of_ordinances,"""EV""",[],
443,al,"al,orange_beach",https://library.municode.com/al,https://library.municode.com/al/orange_beach/codes/code_of_ordinances,"""Electric Vehicles""",[],
444,al,"al,oxford",https://library.municode.com/al,https://library.municode.com/al/oxford/codes/code_of_ordinances,"""equality""",[],
445,al,"al,oxford",https://library.municode.com/al,https://library.municode.com/al/oxford/codes/code_of_ordinances,"""workforce development""",[],
446,al,"al,oxford",https://library.municode.com/al,https://library.municode.com/al/oxford/codes/code_of_ordinances,"""sustainability""",[],
447,al,"al,oxford",https://library.municode.com/al,https://library.municode.com/al/oxford/codes/code_of_ordinances,"""solar""","['https://library.municode.com/al/oxford/codes/code_of_ordinances?nodeId=COOR_CH26OFMIPR_ARTIXBASMPR_S26-241DE', 'https://library.municode.com/al/oxford/codes/code_of_ordinances?nodeId=COOR_APXAZOOROX_ART4REDI_S4.07THTODI']",
448,al,"al,oxford",https://library.municode.com/al,https://library.municode.com/al/oxford/codes/code_of_ordinances,"""EV""",[],
449,al,"al,oxford",https://library.municode.com/al,https://library.municode.com/al/oxford/codes/code_of_ordinances,"""Electric Vehicles""",[],
450,al,"al,ozark",https://library.municode.com/al,https://library.municode.com/al/ozark/codes/code_of_ordinances,"""equality""",[],
451,al,"al,ozark",https://library.municode.com/al,https://library.municode.com/al/ozark/codes/code_of_ordinances,"""workforce development""",[],
452,al,"al,ozark",https://library.municode.com/al,https://library.municode.com/al/ozark/codes/code_of_ordinances,"""sustainability""",[],
453,al,"al,ozark",https://library.municode.com/al,https://library.municode.com/al/ozark/codes/code_of_ordinances,"""solar""",[],
454,al,"al,ozark",https://library.municode.com/al,https://library.municode.com/al/ozark/codes/code_of_ordinances,"""EV""",[],
455,al,"al,ozark",https://library.municode.com/al,https://library.municode.com/al/ozark/codes/code_of_ordinances,"""Electric Vehicles""",[],
456,al,"al,pelham",https://library.municode.com/al,https://library.municode.com/al/pelham/codes/code_of_ordinances,"""equality""",[],
457,al,"al,pelham",https://library.municode.com/al,https://library.municode.com/al/pelham/codes/code_of_ordinances,"""workforce development""",[],
458,al,"al,pelham",https://library.municode.com/al,https://library.municode.com/al/pelham/codes/code_of_ordinances,"""sustainability""",[],
459,al,"al,pelham",https://library.municode.com/al,https://library.municode.com/al/pelham/codes/code_of_ordinances,"""solar""",[],
460,al,"al,pelham",https://library.municode.com/al,https://library.municode.com/al/pelham/codes/code_of_ordinances,"""EV""",[],
461,al,"al,pelham",https://library.municode.com/al,https://library.municode.com/al/pelham/codes/code_of_ordinances,"""Electric Vehicles""",[],
462,al,"al,pell_city",https://library.municode.com/al,https://library.municode.com/al/pell_city/codes/code_of_ordinances,"""equality""",[],
463,al,"al,pell_city",https://library.municode.com/al,https://library.municode.com/al/pell_city/codes/code_of_ordinances,"""workforce development""",[],
464,al,"al,pell_city",https://library.municode.com/al,https://library.municode.com/al/pell_city/codes/code_of_ordinances,"""sustainability""",[],
465,al,"al,pell_city",https://library.municode.com/al,https://library.municode.com/al/pell_city/codes/code_of_ordinances,"""solar""",['https://library.municode.com/al/pell_city/codes/code_of_ordinances?nodeId=COOR_CH13OFMIPR_ARTIIILSMPR_S13-61DE'],
466,al,"al,pell_city",https://library.municode.com/al,https://library.municode.com/al/pell_city/codes/code_of_ordinances,"""EV""",[],
467,al,"al,pell_city",https://library.municode.com/al,https://library.municode.com/al/pell_city/codes/code_of_ordinances,"""Electric Vehicles""",[],
468,al,"al,phenix_city",https://library.municode.com/al,https://library.municode.com/al/phenix_city/codes/code_of_ordinances,"""equality""",[],
469,al,"al,phenix_city",https://library.municode.com/al,https://library.municode.com/al/phenix_city/codes/code_of_ordinances,"""workforce development""",[],
470,al,"al,phenix_city",https://library.municode.com/al,https://library.municode.com/al/phenix_city/codes/code_of_ordinances,"""sustainability""",[],
471,al,"al,phenix_city",https://library.municode.com/al,https://library.municode.com/al/phenix_city/codes/code_of_ordinances,"""solar""",[],
472,al,"al,phenix_city",https://library.municode.com/al,https://library.municode.com/al/phenix_city/codes/code_of_ordinances,"""EV""",[],
473,al,"al,phenix_city",https://library.municode.com/al,https://library.municode.com/al/phenix_city/codes/code_of_ordinances,"""Electric Vehicles""",[],
474,al,"al,pleasant_grove",https://library.municode.com/al,https://library.municode.com/al/pleasant_grove/codes/code_of_ordinances,"""equality""",[],
475,al,"al,pleasant_grove",https://library.municode.com/al,https://library.municode.com/al/pleasant_grove/codes/code_of_ordinances,"""workforce development""",[],
476,al,"al,pleasant_grove",https://library.municode.com/al,https://library.municode.com/al/pleasant_grove/codes/code_of_ordinances,"""sustainability""",[],
477,al,"al,pleasant_grove",https://library.municode.com/al,https://library.municode.com/al/pleasant_grove/codes/code_of_ordinances,"""solar""",[],
478,al,"al,pleasant_grove",https://library.municode.com/al,https://library.municode.com/al/pleasant_grove/codes/code_of_ordinances,"""EV""",[],
479,al,"al,pleasant_grove",https://library.municode.com/al,https://library.municode.com/al/pleasant_grove/codes/code_of_ordinances,"""Electric Vehicles""",[],
480,al,"al,prattville",https://library.municode.com/al,https://library.municode.com/al/prattville/codes/code_of_ordinances,"""equality""",[],
481,al,"al,prattville",https://library.municode.com/al,https://library.municode.com/al/prattville/codes/code_of_ordinances,"""workforce development""",[],
482,al,"al,prattville",https://library.municode.com/al,https://library.municode.com/al/prattville/codes/code_of_ordinances,"""sustainability""",[],
483,al,"al,prattville",https://library.municode.com/al,https://library.municode.com/al/prattville/codes/code_of_ordinances,"""solar""",['https://library.municode.com/al/prattville/codes/code_of_ordinances?nodeId=PTIILADEOR_CH105BUBURE_ARTIIBUCO_S105-24AM'],
484,al,"al,prattville",https://library.municode.com/al,https://library.municode.com/al/prattville/codes/code_of_ordinances,"""EV""",[],
485,al,"al,prattville",https://library.municode.com/al,https://library.municode.com/al/prattville/codes/code_of_ordinances,"""Electric Vehicles""",[],
486,al,"al,robertsdale",https://library.municode.com/al,https://library.municode.com/al/robertsdale/codes/code_of_ordinances,"""equality""",[],
487,al,"al,robertsdale",https://library.municode.com/al,https://library.municode.com/al/robertsdale/codes/code_of_ordinances,"""workforce development""",[],
488,al,"al,robertsdale",https://library.municode.com/al,https://library.municode.com/al/robertsdale/codes/code_of_ordinances,"""sustainability""",[],
489,al,"al,robertsdale",https://library.municode.com/al,https://library.municode.com/al/robertsdale/codes/code_of_ordinances,"""solar""",[],
490,al,"al,robertsdale",https://library.municode.com/al,https://library.municode.com/al/robertsdale/codes/code_of_ordinances,"""EV""",[],
491,al,"al,robertsdale",https://library.municode.com/al,https://library.municode.com/al/robertsdale/codes/code_of_ordinances,"""Electric Vehicles""",[],
492,al,"al,russellville",https://library.municode.com/al,https://library.municode.com/al/russellville/codes/code_of_ordinances,"""equality""",[],
493,al,"al,russellville",https://library.municode.com/al,https://library.municode.com/al/russellville/codes/code_of_ordinances,"""workforce development""",[],
494,al,"al,russellville",https://library.municode.com/al,https://library.municode.com/al/russellville/codes/code_of_ordinances,"""sustainability""",[],
495,al,"al,russellville",https://library.municode.com/al,https://library.municode.com/al/russellville/codes/code_of_ordinances,"""solar""",['https://library.municode.com/al/russellville/codes/code_of_ordinances?nodeId=PTIICOOR_CH46OFMIPR_S46-9DASU'],
496,al,"al,russellville",https://library.municode.com/al,https://library.municode.com/al/russellville/codes/code_of_ordinances,"""EV""",[],
497,al,"al,russellville",https://library.municode.com/al,https://library.municode.com/al/russellville/codes/code_of_ordinances,"""Electric Vehicles""",[],
498,al,"al,saraland",https://library.municode.com/al,https://library.municode.com/al/saraland/codes/code_of_ordinances,"""equality""",[],
499,al,"al,saraland",https://library.municode.com/al,https://library.municode.com/al/saraland/codes/code_of_ordinances,"""workforce development""",[],
500,al,"al,saraland",https://library.municode.com/al,https://library.municode.com/al/saraland/codes/code_of_ordinances,"""sustainability""",[],
501,al,"al,saraland",https://library.municode.com/al,https://library.municode.com/al/saraland/codes/code_of_ordinances,"""solar""","['https://library.municode.com/al/saraland/codes/code_of_ordinances?nodeId=COOR_CH26LAUSDE_ARTIVLATRPR_S26-524TRREPEPR', 'https://library.municode.com/al/saraland/codes/code_of_ordinances?nodeId=COOR_CH26LAUSDE_ARTVISI_S26-594NOSI']",
502,al,"al,saraland",https://library.municode.com/al,https://library.municode.com/al/saraland/codes/code_of_ordinances,"""EV""",[],
503,al,"al,saraland",https://library.municode.com/al,https://library.municode.com/al/saraland/codes/code_of_ordinances,"""Electric Vehicles""",[],
504,al,"al,scottsboro",https://library.municode.com/al,https://library.municode.com/al/scottsboro/codes/code_of_ordinances,"""equality""",[],
505,al,"al,scottsboro",https://library.municode.com/al,https://library.municode.com/al/scottsboro/codes/code_of_ordinances,"""workforce development""",[],
506,al,"al,scottsboro",https://library.municode.com/al,https://library.municode.com/al/scottsboro/codes/code_of_ordinances,"""sustainability""",[],
507,al,"al,scottsboro",https://library.municode.com/al,https://library.municode.com/al/scottsboro/codes/code_of_ordinances,"""solar""",[],
508,al,"al,scottsboro",https://library.municode.com/al,https://library.municode.com/al/scottsboro/codes/code_of_ordinances,"""EV""",[],
509,al,"al,scottsboro",https://library.municode.com/al,https://library.municode.com/al/scottsboro/codes/code_of_ordinances,"""Electric Vehicles""",[],
510,al,"al,selma",https://library.municode.com/al,https://library.municode.com/al/selma/codes/code_of_ordinances,"""equality""",[],
511,al,"al,selma",https://library.municode.com/al,https://library.municode.com/al/selma/codes/code_of_ordinances,"""workforce development""",[],
512,al,"al,selma",https://library.municode.com/al,https://library.municode.com/al/selma/codes/code_of_ordinances,"""sustainability""",[],
513,al,"al,selma",https://library.municode.com/al,https://library.municode.com/al/selma/codes/code_of_ordinances,"""solar""",[],
514,al,"al,selma",https://library.municode.com/al,https://library.municode.com/al/selma/codes/code_of_ordinances,"""EV""",[],
515,al,"al,selma",https://library.municode.com/al,https://library.municode.com/al/selma/codes/code_of_ordinances,"""Electric Vehicles""",[],
516,al,"al,semmes",https://library.municode.com/al,https://library.municode.com/al/semmes/codes/code_of_ordinances,"""equality""",[],
517,al,"al,semmes",https://library.municode.com/al,https://library.municode.com/al/semmes/codes/code_of_ordinances,"""workforce development""",[],
518,al,"al,semmes",https://library.municode.com/al,https://library.municode.com/al/semmes/codes/code_of_ordinances,"""sustainability""",[],
519,al,"al,semmes",https://library.municode.com/al,https://library.municode.com/al/semmes/codes/code_of_ordinances,"""solar""",[],
520,al,"al,semmes",https://library.municode.com/al,https://library.municode.com/al/semmes/codes/code_of_ordinances,"""EV""",[],
521,al,"al,semmes",https://library.municode.com/al,https://library.municode.com/al/semmes/codes/code_of_ordinances,"""Electric Vehicles""",[],
522,al,"al,sheffield",https://library.municode.com/al,https://library.municode.com/al/sheffield/codes/code_of_ordinances,"""equality""",[],
523,al,"al,sheffield",https://library.municode.com/al,https://library.municode.com/al/sheffield/codes/code_of_ordinances,"""workforce development""",[],
524,al,"al,sheffield",https://library.municode.com/al,https://library.municode.com/al/sheffield/codes/code_of_ordinances,"""sustainability""",[],
525,al,"al,sheffield",https://library.municode.com/al,https://library.municode.com/al/sheffield/codes/code_of_ordinances,"""solar""",[],
526,al,"al,sheffield",https://library.municode.com/al,https://library.municode.com/al/sheffield/codes/code_of_ordinances,"""EV""",[],
527,al,"al,sheffield",https://library.municode.com/al,https://library.municode.com/al/sheffield/codes/code_of_ordinances,"""Electric Vehicles""",[],
528,al,"al,southside",https://library.municode.com/al,https://library.municode.com/al/southside/codes/code_of_ordinances,"""equality""",[],
529,al,"al,southside",https://library.municode.com/al,https://library.municode.com/al/southside/codes/code_of_ordinances,"""workforce development""",[],
530,al,"al,southside",https://library.municode.com/al,https://library.municode.com/al/southside/codes/code_of_ordinances,"""sustainability""",[],
531,al,"al,southside",https://library.municode.com/al,https://library.municode.com/al/southside/codes/code_of_ordinances,"""solar""",[],
532,al,"al,southside",https://library.municode.com/al,https://library.municode.com/al/southside/codes/code_of_ordinances,"""EV""",[],
533,al,"al,southside",https://library.municode.com/al,https://library.municode.com/al/southside/codes/code_of_ordinances,"""Electric Vehicles""",[],
534,al,"al,sylacauga",https://library.municode.com/al,https://library.municode.com/al/sylacauga/codes/code_of_ordinances,"""equality""",[],
535,al,"al,sylacauga",https://library.municode.com/al,https://library.municode.com/al/sylacauga/codes/code_of_ordinances,"""workforce development""",[],
536,al,"al,sylacauga",https://library.municode.com/al,https://library.municode.com/al/sylacauga/codes/code_of_ordinances,"""sustainability""",[],
537,al,"al,sylacauga",https://library.municode.com/al,https://library.municode.com/al/sylacauga/codes/code_of_ordinances,"""solar""",[],
538,al,"al,sylacauga",https://library.municode.com/al,https://library.municode.com/al/sylacauga/codes/code_of_ordinances,"""EV""",[],
539,al,"al,sylacauga",https://library.municode.com/al,https://library.municode.com/al/sylacauga/codes/code_of_ordinances,"""Electric Vehicles""",[],
540,al,"al,tarrant",https://library.municode.com/al,https://library.municode.com/al/tarrant/codes/code_of_ordinances,"""equality""",[],
541,al,"al,tarrant",https://library.municode.com/al,https://library.municode.com/al/tarrant/codes/code_of_ordinances,"""workforce development""",[],
542,al,"al,tarrant",https://library.municode.com/al,https://library.municode.com/al/tarrant/codes/code_of_ordinances,"""sustainability""",['https://library.municode.com/al/tarrant/codes/code_of_ordinances?nodeId=COOR_APXAZO_ART1AUENCLSCAP_S1.03SC'],
543,al,"al,tarrant",https://library.municode.com/al,https://library.municode.com/al/tarrant/codes/code_of_ordinances,"""solar""",[],
544,al,"al,tarrant",https://library.municode.com/al,https://library.municode.com/al/tarrant/codes/code_of_ordinances,"""EV""",[],
545,al,"al,tarrant",https://library.municode.com/al,https://library.municode.com/al/tarrant/codes/code_of_ordinances,"""Electric Vehicles""",[],
546,al,"al,troy",https://library.municode.com/al,https://library.municode.com/al/troy/codes/code_of_ordinances,"""equality""",[],
547,al,"al,troy",https://library.municode.com/al,https://library.municode.com/al/troy/codes/code_of_ordinances,"""workforce development""",[],
548,al,"al,troy",https://library.municode.com/al,https://library.municode.com/al/troy/codes/code_of_ordinances,"""sustainability""",[],
549,al,"al,troy",https://library.municode.com/al,https://library.municode.com/al/troy/codes/code_of_ordinances,"""solar""",[],
550,al,"al,troy",https://library.municode.com/al,https://library.municode.com/al/troy/codes/code_of_ordinances,"""EV""",[],
551,al,"al,troy",https://library.municode.com/al,https://library.municode.com/al/troy/codes/code_of_ordinances,"""Electric Vehicles""",[],
552,al,"al,trussville",https://library.municode.com/al,https://library.municode.com/al/trussville/codes/code_of_ordinances,"""equality""",[],
553,al,"al,trussville",https://library.municode.com/al,https://library.municode.com/al/trussville/codes/code_of_ordinances,"""workforce development""",[],
554,al,"al,trussville",https://library.municode.com/al,https://library.municode.com/al/trussville/codes/code_of_ordinances,"""sustainability""",['https://library.municode.com/al/trussville/codes/code_of_ordinances?nodeId=COOR_CH2AD_ARTIVBOCOCO_DIV8VECO_S2-342PUCO'],
555,al,"al,trussville",https://library.municode.com/al,https://library.municode.com/al/trussville/codes/code_of_ordinances,"""solar""",[],
556,al,"al,trussville",https://library.municode.com/al,https://library.municode.com/al/trussville/codes/code_of_ordinances,"""EV""",[],
557,al,"al,trussville",https://library.municode.com/al,https://library.municode.com/al/trussville/codes/code_of_ordinances,"""Electric Vehicles""",[],
558,al,"al,tuscaloosa",https://library.municode.com/al,https://library.municode.com/al/tuscaloosa/codes/code_of_ordinances,"""equality""",[],
559,al,"al,tuscaloosa",https://library.municode.com/al,https://library.municode.com/al/tuscaloosa/codes/code_of_ordinances,"""workforce development""",[],
560,al,"al,tuscaloosa",https://library.municode.com/al,https://library.municode.com/al/tuscaloosa/codes/code_of_ordinances,"""sustainability""",[],
561,al,"al,tuscaloosa",https://library.municode.com/al,https://library.municode.com/al/tuscaloosa/codes/code_of_ordinances,"""solar""","['https://library.municode.com/al/tuscaloosa/codes/code_of_ordinances?nodeId=CO_CH24ZO_ARTXXMIUSDI_DIV2RUALBUTY_S24-286MEEX', 'https://library.municode.com/al/tuscaloosa/codes/code_of_ordinances?nodeId=CO_CH24ZO_ARTXXIMIREDI_DIV2RUALBUTY_S24-335MEEX']",
562,al,"al,tuscaloosa",https://library.municode.com/al,https://library.municode.com/al/tuscaloosa/codes/code_of_ordinances,"""EV""",[],
563,al,"al,tuscaloosa",https://library.municode.com/al,https://library.municode.com/al/tuscaloosa/codes/code_of_ordinances,"""Electric Vehicles""",[],
564,al,"al,tuscumbia",https://library.municode.com/al,https://library.municode.com/al/tuscumbia/codes/code_of_ordinances,"""equality""",[],
565,al,"al,tuscumbia",https://library.municode.com/al,https://library.municode.com/al/tuscumbia/codes/code_of_ordinances,"""workforce development""",[],
566,al,"al,tuscumbia",https://library.municode.com/al,https://library.municode.com/al/tuscumbia/codes/code_of_ordinances,"""sustainability""",[],
567,al,"al,tuscumbia",https://library.municode.com/al,https://library.municode.com/al/tuscumbia/codes/code_of_ordinances,"""solar""",[],
568,al,"al,tuscumbia",https://library.municode.com/al,https://library.municode.com/al/tuscumbia/codes/code_of_ordinances,"""EV""",[],
569,al,"al,tuscumbia",https://library.municode.com/al,https://library.municode.com/al/tuscumbia/codes/code_of_ordinances,"""Electric Vehicles""",[],
570,al,"al,union_springs",https://library.municode.com/al,https://library.municode.com/al/union_springs/codes/code_of_ordinances,"""equality""",[],
571,al,"al,union_springs",https://library.municode.com/al,https://library.municode.com/al/union_springs/codes/code_of_ordinances,"""workforce development""",[],
572,al,"al,union_springs",https://library.municode.com/al,https://library.municode.com/al/union_springs/codes/code_of_ordinances,"""sustainability""",[],
573,al,"al,union_springs",https://library.municode.com/al,https://library.municode.com/al/union_springs/codes/code_of_ordinances,"""solar""",[],
574,al,"al,union_springs",https://library.municode.com/al,https://library.municode.com/al/union_springs/codes/code_of_ordinances,"""EV""",[],
575,al,"al,union_springs",https://library.municode.com/al,https://library.municode.com/al/union_springs/codes/code_of_ordinances,"""Electric Vehicles""",[],
576,al,"al,valley",https://library.municode.com/al,https://library.municode.com/al/valley/codes/code_of_ordinances,"""equality""",[],
577,al,"al,valley",https://library.municode.com/al,https://library.municode.com/al/valley/codes/code_of_ordinances,"""workforce development""",[],
578,al,"al,valley",https://library.municode.com/al,https://library.municode.com/al/valley/codes/code_of_ordinances,"""sustainability""",[],
579,al,"al,valley",https://library.municode.com/al,https://library.municode.com/al/valley/codes/code_of_ordinances,"""solar""",[],
580,al,"al,valley",https://library.municode.com/al,https://library.municode.com/al/valley/codes/code_of_ordinances,"""EV""",[],
581,al,"al,valley",https://library.municode.com/al,https://library.municode.com/al/valley/codes/code_of_ordinances,"""Electric Vehicles""",[],
582,al,"al,vestavia_hills",https://library.municode.com/al,https://library.municode.com/al/vestavia_hills/codes/code_of_ordinances,"""equality""",[],
583,al,"al,vestavia_hills",https://library.municode.com/al,https://library.municode.com/al/vestavia_hills/codes/code_of_ordinances,"""workforce development""",[],
584,al,"al,vestavia_hills",https://library.municode.com/al,https://library.municode.com/al/vestavia_hills/codes/code_of_ordinances,"""sustainability""",[],
585,al,"al,vestavia_hills",https://library.municode.com/al,https://library.municode.com/al/vestavia_hills/codes/code_of_ordinances,"""solar""",['https://library.municode.com/al/vestavia_hills/codes/code_of_ordinances?nodeId=CD_ORD_APXAZO_ART2GL_S2.1GEDE'],
586,al,"al,vestavia_hills",https://library.municode.com/al,https://library.municode.com/al/vestavia_hills/codes/code_of_ordinances,"""EV""",[],
587,al,"al,vestavia_hills",https://library.municode.com/al,https://library.municode.com/al/vestavia_hills/codes/code_of_ordinances,"""Electric Vehicles""",[],
588,al,"al,weaver",https://library.municode.com/al,https://library.municode.com/al/weaver/codes/code_of_ordinances,"""equality""",[],
589,al,"al,weaver",https://library.municode.com/al,https://library.municode.com/al/weaver/codes/code_of_ordinances,"""workforce development""",[],
590,al,"al,weaver",https://library.municode.com/al,https://library.municode.com/al/weaver/codes/code_of_ordinances,"""sustainability""",[],
591,al,"al,weaver",https://library.municode.com/al,https://library.municode.com/al/weaver/codes/code_of_ordinances,"""solar""",['https://library.municode.com/al/weaver/codes/code_of_ordinances?nodeId=CD_ORD_APXBZO_ARTVZODIRE_S13PDPLDE'],
592,al,"al,weaver",https://library.municode.com/al,https://library.municode.com/al/weaver/codes/code_of_ordinances,"""EV""",[],
593,al,"al,weaver",https://library.municode.com/al,https://library.municode.com/al/weaver/codes/code_of_ordinances,"""Electric Vehicles""",[],
594,al,"al,wetumpka",https://library.municode.com/al,https://library.municode.com/al/wetumpka/codes/code_of_ordinances,"""equality""",[],
595,al,"al,wetumpka",https://library.municode.com/al,https://library.municode.com/al/wetumpka/codes/code_of_ordinances,"""workforce development""",[],
596,al,"al,wetumpka",https://library.municode.com/al,https://library.municode.com/al/wetumpka/codes/code_of_ordinances,"""sustainability""",[],
597,al,"al,wetumpka",https://library.municode.com/al,https://library.municode.com/al/wetumpka/codes/code_of_ordinances,"""solar""",[],
598,al,"al,wetumpka",https://library.municode.com/al,https://library.municode.com/al/wetumpka/codes/code_of_ordinances,"""EV""",[],
599,al,"al,wetumpka",https://library.municode.com/al,https://library.municode.com/al/wetumpka/codes/code_of_ordinances,"""Electric Vehicles""",[],
